"Дата операции";"Дата платежа";"Номер карты";"Статус";"Сумма операции";"Валюта операции";"Сумма платежа";"Валюта платежа";"Кэшбэк";"Категория";"MCC";"Описание";"Бонусы (включая кэшбэк)";"Округление на инвесткопилку";"Сумма операции с округлением"
"09.05.2026 19:49:36";"09.05.2026";"*5315";"OK";"-129,00";"RUB";"-129,00";"RUB";"";"Супермаркеты";"5921";"Vobla Beer";"1,00";"0,00";"-129,00"
"09.05.2026 19:47:29";"09.05.2026";"*5315";"OK";"-787,94";"RUB";"-787,94";"RUB";"";"Супермаркеты";"5411";"Магнит";"7,00";"0,00";"-787,94"
"09.05.2026 18:03:18";"09.05.2026";"*5315";"OK";"-299,00";"RUB";"-299,00";"RUB";"";"Цифровые товары";"5816";"ONLIPAY";"0,00";"0,00";"-299,00"
"08.05.2026 19:29:57";"08.05.2026";"*5315";"OK";"-1732,98";"RUB";"-1732,98";"RUB";"";"Цифровые товары";"5816";"Playerok";"0,00";"0,00";"-1732,98"
"08.05.2026 14:18:43";"08.05.2026";"*5315";"OK";"-20,00";"RUB";"-20,00";"RUB";"";"Супермаркеты";"5499";"Водомат";"0,00";"0,00";"-20,00"
"08.05.2026 14:17:58";"08.05.2026";"*5315";"OK";"-20,00";"RUB";"-20,00";"RUB";"";"Супермаркеты";"5499";"Водомат";"0,00";"0,00";"-20,00"
"08.05.2026 11:41:48";"08.05.2026";"*5315";"OK";"-642,00";"RUB";"-642,00";"RUB";"";"Фастфуд";"5814";"Додо Пицца";"6,00";"0,00";"-642,00"
"08.05.2026 10:40:15";"08.05.2026";"*5315";"OK";"-46,00";"RUB";"-46,00";"RUB";"";"Местный транспорт";"4131";"Транспортная карта";"0,00";"0,00";"-46,00"
"08.05.2026 09:20:05";"08.05.2026";"*5315";"OK";"-500,00";"RUB";"-500,00";"RUB";"";"Медицина";"8011";"Statsionar Gkb 7";"5,00";"0,00";"-500,00"
"07.05.2026 14:55:06";"07.05.2026";"*5315";"OK";"-46,00";"RUB";"-46,00";"RUB";"";"Местный транспорт";"4131";"Транспортная карта";"0,00";"0,00";"-46,00"
"07.05.2026 14:07:10";"07.05.2026";"*5315";"OK";"-918,98";"RUB";"-918,98";"RUB";"";"Супермаркеты";"5499";"Красное и белое";"9,00";"0,00";"-918,98"
"07.05.2026 11:39:27";"07.05.2026";"*5315";"OK";"-46,00";"RUB";"-46,00";"RUB";"";"Местный транспорт";"4131";"Транспортная карта";"0,00";"0,00";"-46,00"
"07.05.2026 11:30:42";"08.05.2026";"*5315";"OK";"-180,00";"RUB";"-180,00";"RUB";"";"Супермаркеты";"5499";"IP Arakelyan A A";"1,00";"0,00";"-180,00"
"07.05.2026 11:08:22";"07.05.2026";"*5315";"OK";"-49,99";"RUB";"-49,99";"RUB";"";"Супермаркеты";"5411";"Магнит";"0,00";"0,00";"-49,99"
"06.05.2026 15:45:15";"06.05.2026";"*5315";"OK";"-46,00";"RUB";"-46,00";"RUB";"";"Местный транспорт";"4131";"Транспортная карта";"0,00";"0,00";"-46,00"
"06.05.2026 12:02:41";"06.05.2026";"*5315";"OK";"-169,00";"RUB";"-169,00";"RUB";"";"Фастфуд";"5814";"Додо Пицца";"1,00";"0,00";"-169,00"
"06.05.2026 11:53:38";"06.05.2026";"*5315";"OK";"-409,00";"RUB";"-409,00";"RUB";"";"Фастфуд";"5814";"Додо Пицца";"4,00";"0,00";"-409,00"
"06.05.2026 10:36:15";"06.05.2026";"*5315";"OK";"-46,00";"RUB";"-46,00";"RUB";"";"Местный транспорт";"4131";"Транспортная карта";"0,00";"0,00";"-46,00"
"05.05.2026 17:54:09";"05.05.2026";"*5315";"OK";"-150,00";"RUB";"-150,00";"RUB";"";"Цветы";"5992";"Цветочный магазин";"1,00";"0,00";"-150,00"
"05.05.2026 17:50:18";"05.05.2026";"*5315";"OK";"-1350,00";"RUB";"-1350,00";"RUB";"";"Цветы";"5992";"Цветочный магазин";"13,00";"0,00";"-1350,00"
"05.05.2026 17:14:19";"05.05.2026";"*5315";"OK";"-46,00";"RUB";"-46,00";"RUB";"";"Местный транспорт";"4131";"Транспортная карта";"0,00";"0,00";"-46,00"
"05.05.2026 16:53:43";"05.05.2026";"*5315";"OK";"-399,98";"RUB";"-399,98";"RUB";"";"Супермаркеты";"5411";"Магнит";"3,00";"0,00";"-399,98"
"05.05.2026 11:34:06";"05.05.2026";"*5315";"OK";"-1,00";"RUB";"-1,00";"RUB";"";"Фастфуд";"5814";"Додо Пицца";"0,00";"0,00";"-1,00"
"04.05.2026 10:43:33";"04.05.2026";"*5315";"OK";"-739,00";"RUB";"-739,00";"RUB";"";"Фастфуд";"5814";"Додо Пицца";"7,00";"0,00";"-739,00"
"02.05.2026 12:28:37";"02.05.2026";"*5315";"OK";"-520,00";"RUB";"-520,00";"RUB";"";"Переводы";"";"Алина Ю.";"0,00";"0,00";"-520,00"
"01.05.2026 10:45:32";"01.05.2026";"*5315";"OK";"-124,20";"RUB";"-124,20";"RUB";"";"Цифровые товары";"5816";"Playerok";"2,00";"0,00";"-124,20"
"01.05.2026 10:37:31";"01.05.2026";"*5315";"OK";"-910,80";"RUB";"-910,80";"RUB";"";"Цифровые товары";"5816";"Playerok";"18,00";"0,00";"-910,80"
"30.04.2026 12:27:09";"30.04.2026";"*5315";"OK";"-359,98";"RUB";"-359,98";"RUB";"";"Супермаркеты";"5411";"Магнит";"3,00";"0,00";"-359,98"
"30.04.2026 12:22:52";"30.04.2026";"*5315";"OK";"-299,97";"RUB";"-299,97";"RUB";"";"Супермаркеты";"5411";"Пятёрочка";"2,00";"0,00";"-299,97"
"30.04.2026 11:40:12";"30.04.2026";"*5315";"OK";"-46,00";"RUB";"-46,00";"RUB";"";"Местный транспорт";"4131";"Транспортная карта";"0,00";"0,00";"-46,00"
"30.04.2026 11:23:16";"30.04.2026";"*5315";"OK";"-21,00";"RUB";"-21,00";"RUB";"";"Переводы";"";"Данил С.";"0,00";"0,00";"-21,00"
"29.04.2026 15:12:10";"29.04.2026";"*5315";"OK";"-139,98";"RUB";"-139,98";"RUB";"";"Супермаркеты";"5411";"Пятёрочка";"1,00";"0,00";"-139,98"
"29.04.2026 15:05:59";"29.04.2026";"*5315";"OK";"-259,98";"RUB";"-259,98";"RUB";"";"Супермаркеты";"5411";"Магнит";"2,00";"0,00";"-259,98"
"29.04.2026 14:47:13";"29.04.2026";"*5315";"OK";"-46,00";"RUB";"-46,00";"RUB";"";"Местный транспорт";"4131";"Транспортная карта";"0,00";"0,00";"-46,00"
"29.04.2026 14:39:27";"29.04.2026";"*5315";"OK";"-285,00";"RUB";"-285,00";"RUB";"";"Различные товары";"5993";"Magic Asia, Magazin";"2,00";"0,00";"-285,00"
"29.04.2026 14:11:17";"29.04.2026";"*5315";"OK";"-46,00";"RUB";"-46,00";"RUB";"";"Местный транспорт";"4131";"Транспортная карта";"0,00";"0,00";"-46,00"
"29.04.2026 13:57:59";"29.04.2026";"*5315";"OK";"-1900,00";"RUB";"-1900,00";"RUB";"";"Переводы";"";"Фарида З.";"0,00";"0,00";"-1900,00"
"29.04.2026 12:04:59";"30.04.2026";"*5315";"OK";"-360,00";"RUB";"-360,00";"RUB";"";"Супермаркеты";"5499";"IP Arakelyan A A";"3,00";"0,00";"-360,00"
"29.04.2026 10:36:49";"29.04.2026";"*5315";"OK";"-1500,00";"RUB";"-1500,00";"RUB";"";"Переводы";"";"Елена Ю.";"0,00";"0,00";"-1500,00"
"29.04.2026 10:33:52";"29.04.2026";"*5315";"OK";"-5000,00";"RUB";"-5000,00";"RUB";"";"Переводы";"";"Елена Ю.";"0,00";"0,00";"-5000,00"
"29.04.2026 10:26:11";"29.04.2026";"*5315";"OK";"-46,00";"RUB";"-46,00";"RUB";"";"Местный транспорт";"4131";"Транспортная карта";"0,00";"0,00";"-46,00"
"28.04.2026 11:42:17";"28.04.2026";"*5315";"OK";"-568,00";"RUB";"-568,00";"RUB";"";"Фастфуд";"5814";"Додо Пицца";"5,00";"0,00";"-568,00"
"28.04.2026 10:14:14";"28.04.2026";"*5315";"OK";"-46,00";"RUB";"-46,00";"RUB";"";"Местный транспорт";"4131";"Транспортная карта";"0,00";"0,00";"-46,00"
"27.04.2026 15:44:14";"27.04.2026";"*5315";"OK";"-46,00";"RUB";"-46,00";"RUB";"";"Местный транспорт";"4131";"Транспортная карта";"0,00";"0,00";"-46,00"
"27.04.2026 11:35:34";"27.04.2026";"*5315";"OK";"-569,00";"RUB";"-569,00";"RUB";"";"Фастфуд";"5814";"Вкусно — и точка";"5,00";"0,00";"-569,00"
"27.04.2026 11:14:43";"27.04.2026";"*5315";"OK";"-25,00";"RUB";"-25,00";"RUB";"";"Переводы";"";"Артем Т.";"0,00";"0,00";"-25,00"
"27.04.2026 09:58:21";"27.04.2026";"*5315";"OK";"-46,00";"RUB";"-46,00";"RUB";"";"Местный транспорт";"4131";"Транспортная карта";"0,00";"0,00";"-46,00"
"24.04.2026 22:49:00";"25.04.2026";"*5315";"OK";"-20,00";"RUB";"-20,00";"RUB";"";"Супермаркеты";"5499";"Водомат";"0,00";"0,00";"-20,00"
"24.04.2026 22:47:54";"25.04.2026";"*5315";"OK";"-20,00";"RUB";"-20,00";"RUB";"";"Супермаркеты";"5499";"Водомат";"0,00";"0,00";"-20,00"
"24.04.2026 20:05:22";"24.04.2026";"*5315";"OK";"-46,00";"RUB";"-46,00";"RUB";"";"Местный транспорт";"4131";"Транспортная карта";"0,00";"0,00";"-46,00"
"24.04.2026 19:57:39";"24.04.2026";"*5315";"OK";"-550,00";"RUB";"-550,00";"RUB";"";"Кино";"7832";"Кинотеатр Синема 5";"5,00";"0,00";"-550,00"
"24.04.2026 10:18:19";"24.04.2026";"*5315";"OK";"-46,00";"RUB";"-46,00";"RUB";"";"Местный транспорт";"4131";"Транспортная карта";"0,00";"0,00";"-46,00"
"24.04.2026 08:50:22";"24.04.2026";"*5315";"OK";"-46,00";"RUB";"-46,00";"RUB";"";"Местный транспорт";"4131";"Транспортная карта";"0,00";"0,00";"-46,00"
"24.04.2026 08:42:44";"25.04.2026";"*5315";"OK";"-180,00";"RUB";"-180,00";"RUB";"";"Супермаркеты";"5499";"IP Arakelyan A A";"1,00";"0,00";"-180,00"
"23.04.2026 22:25:03";"24.04.2026";"*5315";"OK";"-966,00";"RUB";"-966,00";"RUB";"";"Кино";"7832";"Кинотеатр Синема 5";"0,00";"0,00";"-966,00"
"23.04.2026 18:58:46";"23.04.2026";"*5315";"OK";"-280,00";"RUB";"-280,00";"RUB";"";"Переводы";"";"Георгий З.";"0,00";"0,00";"-280,00"
"23.04.2026 17:52:20";"23.04.2026";"*5315";"OK";"-46,00";"RUB";"-46,00";"RUB";"";"Местный транспорт";"4131";"Транспортная карта";"0,00";"0,00";"-46,00"
"23.04.2026 14:44:28";"24.04.2026";"*5315";"OK";"-399,00";"RUB";"-399,00";"RUB";"";"Сервис";"5968";"Газпром Бонус";"3,00";"0,00";"-399,00"
"23.04.2026 14:39:26";"23.04.2026";"*5315";"OK";"-169,98";"RUB";"-169,98";"RUB";"";"Супермаркеты";"5411";"Пятёрочка";"1,00";"0,00";"-169,98"
"23.04.2026 14:06:10";"23.04.2026";"*5315";"OK";"-46,00";"RUB";"-46,00";"RUB";"";"Местный транспорт";"4131";"Транспортная карта";"0,00";"0,00";"-46,00"
"23.04.2026 11:40:27";"23.04.2026";"*5315";"OK";"-349,97";"RUB";"-349,97";"RUB";"";"Супермаркеты";"5411";"Магнит";"3,00";"0,00";"-349,97"
"23.04.2026 10:14:13";"23.04.2026";"*5315";"OK";"-46,00";"RUB";"-46,00";"RUB";"";"Местный транспорт";"4131";"Транспортная карта";"0,00";"0,00";"-46,00"
"22.04.2026 21:19:07";"22.04.2026";"*5315";"OK";"-3312,00";"RUB";"-3312,00";"RUB";"";"Цифровые товары";"5816";"Playerok";"66,00";"0,00";"-3312,00"
"22.04.2026 14:23:19";"22.04.2026";"*5315";"OK";"-46,00";"RUB";"-46,00";"RUB";"";"Местный транспорт";"4131";"Транспортная карта";"0,00";"0,00";"-46,00"
"22.04.2026 11:52:06";"22.04.2026";"*5315";"OK";"-578,00";"RUB";"-578,00";"RUB";"";"Фастфуд";"5814";"Додо Пицца";"5,00";"0,00";"-578,00"
"22.04.2026 10:13:13";"22.04.2026";"*5315";"OK";"-46,00";"RUB";"-46,00";"RUB";"";"Местный транспорт";"4131";"Транспортная карта";"0,00";"0,00";"-46,00"
"21.04.2026 18:00:05";"21.04.2026";"*5315";"OK";"-396,06";"RUB";"-396,06";"RUB";"";"Супермаркеты";"5411";"Пятёрочка";"3,00";"0,00";"-396,06"
"21.04.2026 17:32:15";"21.04.2026";"*5315";"OK";"-46,00";"RUB";"-46,00";"RUB";"";"Местный транспорт";"4131";"Транспортная карта";"0,00";"0,00";"-46,00"
"21.04.2026 13:47:44";"22.04.2026";"*5315";"OK";"-300,00";"RUB";"-300,00";"RUB";"";"Фастфуд";"5814";"1804 University & Coffee";"3,00";"0,00";"-300,00"
"21.04.2026 10:33:16";"21.04.2026";"*5315";"OK";"-46,00";"RUB";"-46,00";"RUB";"";"Местный транспорт";"4131";"Транспортная карта";"0,00";"0,00";"-46,00"
"20.04.2026 15:33:19";"20.04.2026";"*5315";"OK";"-46,00";"RUB";"-46,00";"RUB";"";"Местный транспорт";"4131";"Транспортная карта";"0,00";"0,00";"-46,00"
"20.04.2026 11:59:21";"20.04.2026";"*5315";"OK";"-400,00";"RUB";"-400,00";"RUB";"";"Переводы";"";"Никита П.";"0,00";"0,00";"-400,00"
"20.04.2026 11:57:23";"20.04.2026";"*5315";"OK";"-164,98";"RUB";"-164,98";"RUB";"";"Фастфуд";"5814";"Бургер Кинг";"1,00";"0,00";"-164,98"
"20.04.2026 10:13:16";"20.04.2026";"*5315";"OK";"-46,00";"RUB";"-46,00";"RUB";"";"Местный транспорт";"4131";"Транспортная карта";"0,00";"0,00";"-46,00"
"19.04.2026 14:13:55";"19.04.2026";"*5315";"OK";"-534,00";"RUB";"-534,00";"RUB";"";"Аптеки";"5912";"Бережная аптека";"5,00";"0,00";"-534,00"
"19.04.2026 12:17:39";"19.04.2026";"*5315";"OK";"-1000,00";"RUB";"-1000,00";"RUB";"";"Мобильная связь";"";"МТС +7 917 923-99-01";"0,00";"0,00";"-1000,00"
"17.04.2026 17:55:22";"17.04.2026";"*5315";"OK";"-46,00";"RUB";"-46,00";"RUB";"";"Местный транспорт";"4131";"Транспортная карта";"0,00";"0,00";"-46,00"
"17.04.2026 17:35:16";"17.04.2026";"*5315";"OK";"-454,97";"RUB";"-454,97";"RUB";"";"Супермаркеты";"5411";"Пятёрочка";"4,00";"0,00";"-454,97"
"17.04.2026 13:51:13";"17.04.2026";"*5315";"OK";"-90,00";"RUB";"-90,00";"RUB";"";"Фастфуд";"5814";"Kopit Kfu 2 Bufet";"0,00";"0,00";"-90,00"
"17.04.2026 10:23:08";"18.04.2026";"*5315";"OK";"-290,00";"RUB";"-290,00";"RUB";"";"Супермаркеты";"5499";"IP Arakelyan A A";"2,00";"0,00";"-290,00"
"17.04.2026 10:21:22";"17.04.2026";"*5315";"OK";"-46,00";"RUB";"-46,00";"RUB";"";"Местный транспорт";"4131";"Транспортная карта";"0,00";"0,00";"-46,00"
"16.04.2026 16:23:10";"16.04.2026";"*5315";"OK";"-46,00";"RUB";"-46,00";"RUB";"";"Местный транспорт";"4131";"Транспортная карта";"0,00";"0,00";"-46,00"
"16.04.2026 14:30:12";"16.04.2026";"*5315";"OK";"-46,00";"RUB";"-46,00";"RUB";"";"Местный транспорт";"4131";"Транспортная карта";"0,00";"0,00";"-46,00"
"16.04.2026 14:23:24";"16.04.2026";"*5315";"OK";"-46,00";"RUB";"-46,00";"RUB";"";"Местный транспорт";"4131";"Транспортная карта";"0,00";"0,00";"-46,00"
"16.04.2026 12:16:03";"16.04.2026";"*5315";"OK";"-1036,00";"RUB";"-1036,00";"RUB";"";"Фастфуд";"5814";"Додо Пицца";"10,00";"0,00";"-1036,00"
"15.04.2026 14:56:09";"15.04.2026";"*5315";"OK";"-46,00";"RUB";"-46,00";"RUB";"";"Местный транспорт";"4131";"Транспортная карта";"0,00";"0,00";"-46,00"
"15.04.2026 12:01:23";"15.04.2026";"*5315";"OK";"-409,00";"RUB";"-409,00";"RUB";"";"Фастфуд";"5814";"Додо Пицца";"4,00";"0,00";"-409,00"
"15.04.2026 10:31:13";"15.04.2026";"*5315";"OK";"-46,00";"RUB";"-46,00";"RUB";"";"Местный транспорт";"4131";"Транспортная карта";"0,00";"0,00";"-46,00"
"14.04.2026 17:43:12";"14.04.2026";"*5315";"OK";"-250,00";"RUB";"-250,00";"RUB";"";"Переводы";"";"Анастасия А.";"0,00";"0,00";"-250,00"
"14.04.2026 17:15:30";"14.04.2026";"*5315";"OK";"-400,00";"RUB";"-400,00";"RUB";"";"Рестораны";"5812";"Kofeinya Bali Buda";"4,00";"0,00";"-400,00"
"14.04.2026 15:16:17";"14.04.2026";"*5315";"OK";"-46,00";"RUB";"-46,00";"RUB";"";"Местный транспорт";"4131";"Транспортная карта";"0,00";"0,00";"-46,00"
"13.04.2026 15:30:02";"13.04.2026";"*5315";"OK";"-238,00";"RUB";"-238,00";"RUB";"";"Аптеки";"5912";"Бережная аптека";"2,00";"0,00";"-238,00"
"13.04.2026 14:50:20";"13.04.2026";"*5315";"OK";"-46,00";"RUB";"-46,00";"RUB";"";"Местный транспорт";"4131";"Транспортная карта";"0,00";"0,00";"-46,00"
"13.04.2026 13:01:47";"13.04.2026";"*5315";"OK";"-499,97";"RUB";"-499,97";"RUB";"";"Фастфуд";"5814";"Бургер Кинг";"4,00";"0,00";"-499,97"
"12.04.2026 16:38:06";"12.04.2026";"*5315";"OK";"-2847,00";"RUB";"-2847,00";"RUB";"";"Фастфуд";"5814";"Додо Пицца";"28,00";"0,00";"-2847,00"
"11.04.2026 23:49:51";"12.04.2026";"*5315";"OK";"-866,00";"RUB";"-866,00";"RUB";"";"Фастфуд";"5814";"Rostic's";"17,00";"0,00";"-866,00"
"11.04.2026 14:19:15";"11.04.2026";"*5315";"OK";"-46,00";"RUB";"-46,00";"RUB";"";"Местный транспорт";"4131";"Транспортная карта";"0,00";"0,00";"-46,00"
"11.04.2026 13:59:17";"11.04.2026";"*5315";"OK";"-685,00";"RUB";"-685,00";"RUB";"";"Фастфуд";"5814";"Cinnabon";"6,00";"0,00";"-685,00"
"11.04.2026 10:18:32";"12.04.2026";"*5315";"OK";"-180,00";"RUB";"-180,00";"RUB";"";"Супермаркеты";"5499";"IP Arakelyan A A";"1,00";"0,00";"-180,00"
"11.04.2026 09:59:07";"11.04.2026";"*5315";"OK";"-46,00";"RUB";"-46,00";"RUB";"";"Местный транспорт";"4131";"Транспортная карта";"0,00";"0,00";"-46,00"
"10.04.2026 15:56:14";"10.04.2026";"*5315";"OK";"-46,00";"RUB";"-46,00";"RUB";"";"Местный транспорт";"4131";"Транспортная карта";"0,00";"0,00";"-46,00"
"10.04.2026 15:46:29";"10.04.2026";"*5315";"OK";"-223,00";"RUB";"-223,00";"RUB";"";"Цифровые товары";"5816";"ONLIPAY";"0,00";"0,00";"-223,00"
"10.04.2026 15:29:42";"10.04.2026";"*5315";"OK";"-3000,00";"RUB";"-3000,00";"RUB";"";"Наличные";"6011";"Снятие в банкомате Т-Банк";"0,00";"0,00";"-3000,00"
"10.04.2026 11:58:35";"10.04.2026";"*5315";"OK";"-343,98";"RUB";"-343,98";"RUB";"";"Супермаркеты";"5411";"Магнит";"3,00";"0,00";"-343,98"
"10.04.2026 08:39:19";"10.04.2026";"*5315";"OK";"-46,00";"RUB";"-46,00";"RUB";"";"Местный транспорт";"4131";"Транспортная карта";"0,00";"0,00";"-46,00"
"09.04.2026 14:11:11";"09.04.2026";"*5315";"OK";"-46,00";"RUB";"-46,00";"RUB";"";"Местный транспорт";"4131";"Транспортная карта";"0,00";"0,00";"-46,00"
"09.04.2026 11:33:46";"09.04.2026";"*5315";"OK";"-363,97";"RUB";"-363,97";"RUB";"";"Супермаркеты";"5411";"Магнит";"3,00";"0,00";"-363,97"
"09.04.2026 10:03:08";"09.04.2026";"*5315";"OK";"-46,00";"RUB";"-46,00";"RUB";"";"Местный транспорт";"4131";"Транспортная карта";"0,00";"0,00";"-46,00"
"08.04.2026 16:20:34";"08.04.2026";"*5315";"OK";"-2500,00";"RUB";"-2500,00";"RUB";"";"Медицина";"8011";"Statsionar Gkb 7";"25,00";"0,00";"-2500,00"
"08.04.2026 16:04:18";"08.04.2026";"*5315";"OK";"-46,00";"RUB";"-46,00";"RUB";"";"Местный транспорт";"4131";"Транспортная карта";"0,00";"0,00";"-46,00"
"08.04.2026 13:35:57";"10.04.2026";"*5315";"OK";"-40,00";"RUB";"-40,00";"RUB";"";"Заправки";"5541";"Татнефть";"0,00";"0,00";"-40,00"
"08.04.2026 12:46:03";"08.04.2026";"*5315";"OK";"-139,99";"RUB";"-139,99";"RUB";"";"Супермаркеты";"5411";"Магнит";"1,00";"0,00";"-139,99"
"08.04.2026 12:16:37";"08.04.2026";"*5315";"OK";"-389,98";"RUB";"-389,98";"RUB";"";"Супермаркеты";"5411";"Магнит";"3,00";"0,00";"-389,98"
"07.04.2026 18:11:15";"07.04.2026";"*5315";"OK";"-46,00";"RUB";"-46,00";"RUB";"";"Местный транспорт";"4131";"Транспортная карта";"0,00";"0,00";"-46,00"
"07.04.2026 11:36:31";"07.04.2026";"*5315";"OK";"-286,00";"RUB";"-286,00";"RUB";"";"Фастфуд";"5814";"Додо Пицца";"2,00";"0,00";"-286,00"
"07.04.2026 10:16:25";"07.04.2026";"*5315";"OK";"-46,00";"RUB";"-46,00";"RUB";"";"Местный транспорт";"4131";"Транспортная карта";"0,00";"0,00";"-46,00"
"06.04.2026 16:02:15";"06.04.2026";"*5315";"OK";"-46,00";"RUB";"-46,00";"RUB";"";"Местный транспорт";"4131";"Транспортная карта";"0,00";"0,00";"-46,00"
"06.04.2026 15:43:12";"06.04.2026";"*5315";"OK";"-46,00";"RUB";"-46,00";"RUB";"";"Местный транспорт";"4131";"Транспортная карта";"0,00";"0,00";"-46,00"
"06.04.2026 13:17:49";"06.04.2026";"*5315";"OK";"-90,00";"RUB";"-90,00";"RUB";"";"Переводы";"";"Амир Г.";"0,00";"0,00";"-90,00"
"06.04.2026 12:29:45";"06.04.2026";"*5315";"OK";"-577,00";"RUB";"-577,00";"RUB";"";"Фастфуд";"5814";"Вкусно — и точка";"5,00";"0,00";"-577,00"
"06.04.2026 11:46:35";"06.04.2026";"*5315";"OK";"-70,00";"RUB";"-70,00";"RUB";"";"Переводы";"";"Амир Г.";"0,00";"0,00";"-70,00"
"06.04.2026 10:12:14";"06.04.2026";"*5315";"OK";"-46,00";"RUB";"-46,00";"RUB";"";"Местный транспорт";"4131";"Транспортная карта";"0,00";"0,00";"-46,00"
"04.04.2026 14:44:02";"04.04.2026";"*5315";"OK";"-109,99";"RUB";"-109,99";"RUB";"";"Супермаркеты";"5411";"Пятёрочка";"1,00";"0,00";"-109,99"
"04.04.2026 14:12:20";"04.04.2026";"*5315";"OK";"-46,00";"RUB";"-46,00";"RUB";"";"Местный транспорт";"4131";"Транспортная карта";"0,00";"0,00";"-46,00"
"04.04.2026 12:01:43";"05.04.2026";"*5315";"OK";"-320,00";"RUB";"-320,00";"RUB";"";"Фастфуд";"5814";"1804 University & Coffee";"3,00";"0,00";"-320,00"
"04.04.2026 09:50:30";"05.04.2026";"*5315";"OK";"-180,00";"RUB";"-180,00";"RUB";"";"Супермаркеты";"5499";"IP Arakelyan A A";"1,00";"0,00";"-180,00"
"04.04.2026 09:31:10";"04.04.2026";"*5315";"OK";"-46,00";"RUB";"-46,00";"RUB";"";"Местный транспорт";"4131";"Транспортная карта";"0,00";"0,00";"-46,00"
"03.04.2026 20:22:58";"03.04.2026";"*5315";"OK";"-20,00";"RUB";"-20,00";"RUB";"";"Супермаркеты";"5499";"Водомат";"0,00";"0,00";"-20,00"
"03.04.2026 20:22:29";"03.04.2026";"*5315";"OK";"-20,00";"RUB";"-20,00";"RUB";"";"Супермаркеты";"5499";"Водомат";"0,00";"0,00";"-20,00"
"03.04.2026 19:10:46";"03.04.2026";"*5315";"OK";"-425,00";"RUB";"-425,00";"RUB";"";"Сервис";"7311";"kur*Kur*Likeraptor";"0,00";"0,00";"-425,00"
"03.04.2026 15:53:21";"03.04.2026";"*5315";"OK";"-46,00";"RUB";"-46,00";"RUB";"";"Местный транспорт";"4131";"Транспортная карта";"0,00";"0,00";"-46,00"
"03.04.2026 15:43:24";"03.04.2026";"*5315";"OK";"-499,98";"RUB";"-499,98";"RUB";"";"Супермаркеты";"5411";"Магнит";"4,00";"0,00";"-499,98"
"03.04.2026 15:42:40";"03.04.2026";"*5315";"OK";"-189,99";"RUB";"-189,99";"RUB";"";"Супермаркеты";"5411";"Магнит";"1,00";"0,00";"-189,99"
"03.04.2026 11:05:52";"03.04.2026";"*5315";"OK";"-399,00";"RUB";"-399,00";"RUB";"";"Фастфуд";"5814";"Додо Пицца";"0,00";"0,00";"-399,00"
"03.04.2026 10:04:55";"03.04.2026";"*5315";"OK";"-46,00";"RUB";"-46,00";"RUB";"";"Местный транспорт";"4131";"Транспортная карта";"0,00";"0,00";"-46,00"
"02.04.2026 18:18:21";"02.04.2026";"*5315";"OK";"-46,00";"RUB";"-46,00";"RUB";"";"Местный транспорт";"4131";"Транспортная карта";"0,00";"0,00";"-46,00"
"02.04.2026 17:03:11";"02.04.2026";"*5315";"OK";"-46,00";"RUB";"-46,00";"RUB";"";"Местный транспорт";"4131";"Транспортная карта";"0,00";"0,00";"-46,00"
"02.04.2026 11:30:16";"02.04.2026";"*5315";"OK";"-568,00";"RUB";"-568,00";"RUB";"";"Фастфуд";"5814";"Додо Пицца";"5,00";"0,00";"-568,00"
"02.04.2026 09:56:15";"02.04.2026";"*5315";"OK";"-46,00";"RUB";"-46,00";"RUB";"";"Местный транспорт";"4131";"Транспортная карта";"0,00";"0,00";"-46,00"
"01.04.2026 16:39:23";"01.04.2026";"*5315";"OK";"-46,00";"RUB";"-46,00";"RUB";"";"Местный транспорт";"4131";"Транспортная карта";"0,00";"0,00";"-46,00"
"01.04.2026 13:58:20";"01.04.2026";"*5315";"OK";"-46,00";"RUB";"-46,00";"RUB";"";"Местный транспорт";"4131";"Транспортная карта";"0,00";"0,00";"-46,00"
"01.04.2026 13:45:46";"01.04.2026";"*5315";"OK";"-329,98";"RUB";"-329,98";"RUB";"";"Супермаркеты";"5411";"Магнит";"3,00";"0,00";"-329,98"
"01.04.2026 13:30:41";"01.04.2026";"*5315";"OK";"-486,00";"RUB";"-486,00";"RUB";"";"Аптеки";"5912";"Планета Здоровья";"4,00";"0,00";"-486,00"
"01.04.2026 10:16:22";"01.04.2026";"*5315";"OK";"-46,00";"RUB";"-46,00";"RUB";"";"Местный транспорт";"4131";"Транспортная карта";"0,00";"0,00";"-46,00"
"31.03.2026 19:49:46";"31.03.2026";"*5315";"OK";"-20,00";"RUB";"-20,00";"RUB";"";"Супермаркеты";"5499";"Водомат";"0,00";"0,00";"-20,00"
"31.03.2026 19:48:44";"31.03.2026";"*5315";"OK";"-20,00";"RUB";"-20,00";"RUB";"";"Супермаркеты";"5499";"Водомат";"0,00";"0,00";"-20,00"
"31.03.2026 19:26:08";"31.03.2026";"*5315";"OK";"-186,00";"RUB";"-186,00";"RUB";"";"Подарки и творчество";"5947";"OOO Aspekt";"1,00";"0,00";"-186,00"
"31.03.2026 17:36:13";"31.03.2026";"*5315";"OK";"-46,00";"RUB";"-46,00";"RUB";"";"Местный транспорт";"4131";"Транспортная карта";"0,00";"0,00";"-46,00"
"31.03.2026 17:03:44";"31.03.2026";"*5315";"OK";"-49,99";"RUB";"-49,99";"RUB";"";"Супермаркеты";"5411";"Магнит";"0,00";"0,00";"-49,99"
"31.03.2026 13:21:20";"31.03.2026";"*5315";"OK";"-46,00";"RUB";"-46,00";"RUB";"";"Местный транспорт";"4131";"Транспортная карта";"0,00";"0,00";"-46,00"
"31.03.2026 12:00:45";"31.03.2026";"*5315";"OK";"-956,00";"RUB";"-956,00";"RUB";"";"Фастфуд";"5814";"Додо Пицца";"9,00";"0,00";"-956,00"
"30.03.2026 15:45:19";"30.03.2026";"*5315";"OK";"-46,00";"RUB";"-46,00";"RUB";"";"Местный транспорт";"4131";"Транспортная карта";"0,00";"0,00";"-46,00"
"30.03.2026 14:52:41";"30.03.2026";"*5315";"OK";"-109,71";"RUB";"-109,71";"RUB";"";"Цифровые товары";"5816";"Playerok";"2,00";"0,00";"-109,71"
"30.03.2026 11:43:56";"30.03.2026";"*5315";"OK";"-560,00";"RUB";"-560,00";"RUB";"";"Фастфуд";"5814";"Rostic's";"11,00";"0,00";"-560,00"
"28.03.2026 19:41:29";"29.03.2026";"*5315";"OK";"-450,00";"RUB";"-450,00";"RUB";"";"Фастфуд";"5814";"Bubble Mania";"4,00";"0,00";"-450,00"
"28.03.2026 18:36:27";"28.03.2026";"*5315";"OK";"-44,99";"RUB";"-44,99";"RUB";"";"Супермаркеты";"5411";"Пятёрочка";"0,00";"0,00";"-44,99"
"28.03.2026 18:15:22";"28.03.2026";"*5315";"OK";"-687,00";"RUB";"-687,00";"RUB";"";"Книги и канцтовары";"5942";"Читай-город";"6,00";"0,00";"-687,00"
"28.03.2026 17:24:26";"28.03.2026";"*5315";"OK";"-149,00";"RUB";"-149,00";"RUB";"";"Фастфуд";"5814";"Вкусно — и точка";"1,00";"0,00";"-149,00"
"28.03.2026 16:56:21";"28.03.2026";"*5315";"OK";"-723,47";"RUB";"-723,47";"RUB";"";"Цифровые товары";"5816";"Playerok";"14,00";"0,00";"-723,47"
"28.03.2026 15:59:14";"29.03.2026";"*5315";"OK";"-260,00";"RUB";"-260,00";"RUB";"";"Фастфуд";"5814";"1804 University & Coffee";"2,00";"0,00";"-260,00"
"28.03.2026 13:32:13";"28.03.2026";"*5315";"OK";"-46,00";"RUB";"-46,00";"RUB";"";"Местный транспорт";"4131";"Транспортная карта";"0,00";"0,00";"-46,00"
"28.03.2026 00:49:18";"28.03.2026";"*5315";"OK";"-20,00";"RUB";"-20,00";"RUB";"";"Супермаркеты";"5499";"Водомат";"0,00";"0,00";"-20,00"
"28.03.2026 00:48:24";"28.03.2026";"*5315";"OK";"-20,00";"RUB";"-20,00";"RUB";"";"Супермаркеты";"5499";"Водомат";"0,00";"0,00";"-20,00"
"27.03.2026 14:04:10";"27.03.2026";"*5315";"OK";"-46,00";"RUB";"-46,00";"RUB";"";"Местный транспорт";"4131";"Транспортная карта";"0,00";"0,00";"-46,00"
"27.03.2026 12:00:45";"27.03.2026";"*5315";"OK";"-399,00";"RUB";"-399,00";"RUB";"";"Фастфуд";"5814";"Додо Пицца";"3,00";"0,00";"-399,00"
"27.03.2026 11:48:54";"27.03.2026";"*5315";"OK";"-3999,00";"RUB";"-3999,00";"RUB";"";"Ремонт и мебель";"5722";"DNS";"79,00";"0,00";"-3999,00"
"27.03.2026 11:48:12";"27.03.2026";"*5315";"OK";"-399,00";"RUB";"-399,00";"RUB";"";"Фастфуд";"5814";"Додо Пицца";"3,00";"0,00";"-399,00"
"27.03.2026 10:15:20";"27.03.2026";"*5315";"OK";"-46,00";"RUB";"-46,00";"RUB";"";"Местный транспорт";"4131";"Транспортная карта";"0,00";"0,00";"-46,00"
"26.03.2026 14:07:21";"26.03.2026";"*5315";"OK";"-46,00";"RUB";"-46,00";"RUB";"";"Местный транспорт";"4131";"Транспортная карта";"0,00";"0,00";"-46,00"
"26.03.2026 11:29:16";"27.03.2026";"*5315";"OK";"-280,00";"RUB";"-280,00";"RUB";"";"Фастфуд";"5814";"1804 University & Coffee";"2,00";"0,00";"-280,00"
"26.03.2026 10:09:21";"26.03.2026";"*5315";"OK";"-46,00";"RUB";"-46,00";"RUB";"";"Местный транспорт";"4131";"Транспортная карта";"0,00";"0,00";"-46,00"
"26.03.2026 10:05:11";"27.03.2026";"*5315";"OK";"-180,00";"RUB";"-180,00";"RUB";"";"Супермаркеты";"5499";"IP Arakelyan A A";"1,00";"0,00";"-180,00"
"25.03.2026 15:53:53";"25.03.2026";"*5315";"OK";"-474,00";"RUB";"-474,00";"RUB";"";"Фастфуд";"5814";"Вкусно — и точка";"4,00";"0,00";"-474,00"
"25.03.2026 15:19:45";"25.03.2026";"*5315";"OK";"-750,00";"RUB";"-750,00";"RUB";"";"Медицина";"8043";"Planeta Optika";"7,00";"0,00";"-750,00"
"25.03.2026 13:20:23";"25.03.2026";"*5315";"OK";"-249,99";"RUB";"-249,99";"RUB";"";"Супермаркеты";"5411";"Магнит";"2,00";"0,00";"-249,99"
"25.03.2026 10:30:16";"25.03.2026";"*5315";"OK";"-46,00";"RUB";"-46,00";"RUB";"";"Местный транспорт";"4131";"Транспортная карта";"0,00";"0,00";"-46,00"
"25.03.2026 10:28:43";"26.03.2026";"*5315";"OK";"-180,00";"RUB";"-180,00";"RUB";"";"Супермаркеты";"5499";"IP Arakelyan A A";"1,00";"0,00";"-180,00"
"24.03.2026 17:50:19";"24.03.2026";"*5315";"OK";"-46,00";"RUB";"-46,00";"RUB";"";"Местный транспорт";"4131";"Транспортная карта";"0,00";"0,00";"-46,00"
"24.03.2026 10:24:44";"24.03.2026";"*5315";"OK";"-620,00";"RUB";"-620,00";"RUB";"";"Переводы";"";"Никита П.";"0,00";"0,00";"-620,00"
"24.03.2026 08:56:15";"24.03.2026";"*5315";"OK";"-46,00";"RUB";"-46,00";"RUB";"";"Местный транспорт";"4131";"Транспортная карта";"0,00";"0,00";"-46,00"
"24.03.2026 07:24:16";"24.03.2026";"*5315";"OK";"-1000,00";"RUB";"-1000,00";"RUB";"";"Мобильная связь";"";"МТС +7 917 923-99-01";"0,00";"0,00";"-1000,00"
"23.03.2026 18:39:48";"23.03.2026";"*5315";"OK";"-20,00";"RUB";"-20,00";"RUB";"";"Супермаркеты";"5499";"Водомат";"0,00";"0,00";"-20,00"
"23.03.2026 14:54:05";"24.03.2026";"*5315";"OK";"-399,00";"RUB";"-399,00";"RUB";"";"Сервис";"5968";"Газпром Бонус";"3,00";"0,00";"-399,00"
"23.03.2026 11:21:29";"23.03.2026";"*5315";"OK";"-400,00";"RUB";"-400,00";"RUB";"";"Переводы";"";"Анастасия А.";"0,00";"0,00";"-400,00"
"20.03.2026 13:42:54";"20.03.2026";"*5315";"OK";"-259,96";"RUB";"-259,96";"RUB";"";"Супермаркеты";"5411";"Магнит";"2,00";"0,00";"-259,96"
"20.03.2026 13:39:44";"20.03.2026";"*5315";"OK";"-264,00";"RUB";"-264,00";"RUB";"";"Цветы";"5992";"Buket Stolicy";"2,00";"0,00";"-264,00"
"19.03.2026 18:42:16";"19.03.2026";"*5315";"OK";"-46,00";"RUB";"-46,00";"RUB";"";"Местный транспорт";"4131";"Транспортная карта";"0,00";"0,00";"-46,00"
"19.03.2026 17:20:14";"19.03.2026";"*5315";"OK";"-46,00";"RUB";"-46,00";"RUB";"";"Местный транспорт";"4131";"Транспортная карта";"0,00";"0,00";"-46,00"
"19.03.2026 16:04:30";"19.03.2026";"*5315";"OK";"-588,00";"RUB";"-588,00";"RUB";"";"Фастфуд";"5814";"Вкусно — и точка";"5,00";"0,00";"-588,00"
"19.03.2026 11:41:53";"20.03.2026";"*5315";"OK";"-180,00";"RUB";"-180,00";"RUB";"";"Супермаркеты";"5499";"IP Arakelyan A A";"1,00";"0,00";"-180,00"
"19.03.2026 11:20:19";"19.03.2026";"*5315";"OK";"-345,87";"RUB";"-345,87";"RUB";"";"Супермаркеты";"5411";"Магнит";"3,00";"0,00";"-345,87"
"19.03.2026 10:05:27";"19.03.2026";"*5315";"OK";"-46,00";"RUB";"-46,00";"RUB";"";"Местный транспорт";"4131";"Транспортная карта";"0,00";"0,00";"-46,00"
"18.03.2026 13:37:38";"18.03.2026";"*5315";"OK";"-519,96";"RUB";"-519,96";"RUB";"";"Супермаркеты";"5411";"Магнит";"5,00";"0,00";"-519,96"
"17.03.2026 11:54:38";"17.03.2026";"*5315";"OK";"-678,00";"RUB";"-678,00";"RUB";"";"Фастфуд";"5814";"Додо Пицца";"6,00";"0,00";"-678,00"
"17.03.2026 00:50:27";"17.03.2026";"*5315";"OK";"-500,00";"RUB";"-500,00";"RUB";"";"Переводы";"";"Залина Р.";"0,00";"0,00";"-500,00"
"16.03.2026 15:21:18";"16.03.2026";"*5315";"OK";"-46,00";"RUB";"-46,00";"RUB";"";"Местный транспорт";"4131";"Транспортная карта";"0,00";"0,00";"-46,00"
"16.03.2026 11:36:42";"16.03.2026";"*5315";"OK";"-527,00";"RUB";"-527,00";"RUB";"";"Фастфуд";"5814";"Вкусно — и точка";"10,00";"0,00";"-527,00"
"15.03.2026 18:17:48";"15.03.2026";"*5315";"OK";"-837,00";"RUB";"-837,00";"RUB";"";"Фастфуд";"5814";"Додо Пицца";"8,00";"0,00";"-837,00"
"15.03.2026 16:34:40";"15.03.2026";"*5315";"OK";"-3250,00";"RUB";"-3250,00";"RUB";"";"Спорттовары";"5655";"Спортмастер";"32,00";"0,00";"-3250,00"
"15.03.2026 15:53:07";"15.03.2026";"*5315";"OK";"-46,00";"RUB";"-46,00";"RUB";"";"Местный транспорт";"4131";"Транспортная карта";"0,00";"0,00";"-46,00"
"15.03.2026 15:06:09";"15.03.2026";"*5315";"OK";"-46,00";"RUB";"-46,00";"RUB";"";"Местный транспорт";"4131";"Транспортная карта";"0,00";"0,00";"-46,00"
"14.03.2026 18:00:16";"14.03.2026";"*5315";"OK";"-46,00";"RUB";"-46,00";"RUB";"";"Местный транспорт";"4131";"Транспортная карта";"0,00";"0,00";"-46,00"
"14.03.2026 17:52:42";"14.03.2026";"*5315";"OK";"-446,96";"RUB";"-446,96";"RUB";"";"Супермаркеты";"5411";"Магнит";"4,00";"0,00";"-446,96"
"14.03.2026 17:43:36";"15.03.2026";"*5315";"OK";"-500,00";"RUB";"-500,00";"RUB";"";"Подарки и творчество";"5947";"Polka Chudes Gum";"5,00";"0,00";"-500,00"
"14.03.2026 13:31:21";"14.03.2026";"*5315";"OK";"-46,00";"RUB";"-46,00";"RUB";"";"Местный транспорт";"4131";"Транспортная карта";"0,00";"0,00";"-46,00"
"13.03.2026 17:57:14";"13.03.2026";"*5315";"OK";"-46,00";"RUB";"-46,00";"RUB";"";"Местный транспорт";"4131";"Транспортная карта";"0,00";"0,00";"-46,00"
"13.03.2026 14:10:20";"13.03.2026";"*5315";"OK";"-304,98";"RUB";"-304,98";"RUB";"";"Фастфуд";"5814";"Бургер Кинг";"3,00";"0,00";"-304,98"
"13.03.2026 14:02:27";"13.03.2026";"*5315";"OK";"-450,00";"RUB";"-450,00";"RUB";"";"Переводы";"";"Никита П.";"0,00";"0,00";"-450,00"
"13.03.2026 11:52:02";"13.03.2026";"*5315";"OK";"-114,00";"RUB";"-114,00";"RUB";"";"Фастфуд";"5814";"St";"1,00";"0,00";"-114,00"
"13.03.2026 09:09:29";"13.03.2026";"*5315";"OK";"-100,00";"RUB";"-100,00";"RUB";"";"Цифровые товары";"5816";"ONLIPAY";"0,00";"0,00";"-100,00"
"12.03.2026 18:36:50";"12.03.2026";"*5315";"OK";"-1740,00";"RUB";"-1740,00";"RUB";"";"Супермаркеты";"5499";"Живая Вода";"17,00";"0,00";"-1740,00"
"12.03.2026 18:08:35";"12.03.2026";"*5315";"OK";"-20,00";"RUB";"-20,00";"RUB";"";"Супермаркеты";"5499";"Водомат";"0,00";"0,00";"-20,00"
"12.03.2026 18:07:47";"12.03.2026";"*5315";"OK";"-20,00";"RUB";"-20,00";"RUB";"";"Супермаркеты";"5499";"Водомат";"0,00";"0,00";"-20,00"
"12.03.2026 17:30:12";"12.03.2026";"*5315";"OK";"-46,00";"RUB";"-46,00";"RUB";"";"Местный транспорт";"4131";"Транспортная карта";"0,00";"0,00";"-46,00"
"12.03.2026 14:44:11";"12.03.2026";"*5315";"OK";"-75,00";"RUB";"-75,00";"RUB";"";"Фастфуд";"5814";"St";"0,00";"0,00";"-75,00"
"12.03.2026 11:46:52";"12.03.2026";"*5315";"OK";"-299,98";"RUB";"-299,98";"RUB";"";"Супермаркеты";"5411";"Магнит";"2,00";"0,00";"-299,98"
"12.03.2026 10:08:41";"12.03.2026";"*5315";"OK";"-515,00";"RUB";"-515,00";"RUB";"";"Такси";"3990";"Яндекс Такси";"5,00";"0,00";"-515,00"
"11.03.2026 22:22:16";"12.03.2026";"*5315";"OK";"-20,00";"RUB";"-20,00";"RUB";"";"Супермаркеты";"5499";"Водомат";"0,00";"0,00";"-20,00"
"11.03.2026 22:21:07";"12.03.2026";"*5315";"OK";"-20,00";"RUB";"-20,00";"RUB";"";"Супермаркеты";"5499";"Водомат";"0,00";"0,00";"-20,00"
"11.03.2026 14:19:22";"11.03.2026";"*5315";"OK";"-100,00";"RUB";"-100,00";"RUB";"";"Цифровые товары";"5816";"ONLIPAY";"0,00";"0,00";"-100,00"
"10.03.2026 17:35:20";"10.03.2026";"*5315";"OK";"-46,00";"RUB";"-46,00";"RUB";"";"Местный транспорт";"4131";"Транспортная карта";"0,00";"0,00";"-46,00"
"10.03.2026 17:09:44";"10.03.2026";"*5315";"OK";"-499,98";"RUB";"-499,98";"RUB";"";"Супермаркеты";"5411";"Магнит";"4,00";"0,00";"-499,98"
"10.03.2026 11:41:20";"10.03.2026";"*5315";"OK";"-160,00";"RUB";"-160,00";"RUB";"";"Фастфуд";"5814";"St";"1,00";"0,00";"-160,00"
"10.03.2026 08:42:19";"10.03.2026";"*5315";"OK";"-46,00";"RUB";"-46,00";"RUB";"";"Местный транспорт";"4131";"Транспортная карта";"0,00";"0,00";"-46,00"
"08.03.2026 17:14:43";"08.03.2026";"*5315";"OK";"-1400,00";"RUB";"-1400,00";"RUB";"";"Переводы";"";"Карим С.";"0,00";"0,00";"-1400,00"
"07.03.2026 20:38:06";"07.03.2026";"*5315";"OK";"-46,00";"RUB";"-46,00";"RUB";"";"Местный транспорт";"4131";"Транспортная карта";"0,00";"0,00";"-46,00"
"07.03.2026 15:19:44";"07.03.2026";"*5315";"OK";"-1379,00";"RUB";"-1379,00";"RUB";"";"Фастфуд";"5814";"Додо Пицца";"13,00";"0,00";"-1379,00"
"07.03.2026 14:39:10";"07.03.2026";"*5315";"OK";"-46,00";"RUB";"-46,00";"RUB";"";"Местный транспорт";"4131";"Транспортная карта";"0,00";"0,00";"-46,00"
"06.03.2026 19:41:16";"06.03.2026";"*5315";"OK";"-46,00";"RUB";"-46,00";"RUB";"";"Местный транспорт";"4131";"Транспортная карта";"0,00";"0,00";"-46,00"
"06.03.2026 17:18:06";"06.03.2026";"*5315";"OK";"-1308,00";"RUB";"-1308,00";"RUB";"";"Фастфуд";"5814";"Додо Пицца";"13,00";"0,00";"-1308,00"
"06.03.2026 16:58:22";"06.03.2026";"*5315";"OK";"-46,00";"RUB";"-46,00";"RUB";"";"Местный транспорт";"4131";"Транспортная карта";"0,00";"0,00";"-46,00"
"06.03.2026 15:33:54";"06.03.2026";"*5315";"OK";"-92,00";"RUB";"-92,00";"RUB";"";"Фастфуд";"5814";"St";"0,00";"0,00";"-92,00"
"05.03.2026 16:31:44";"05.03.2026";"*5315";"OK";"-200,00";"RUB";"-200,00";"RUB";"";"Цифровые товары";"5816";"VPN";"0,00";"0,00";"-200,00"
"05.03.2026 15:52:00";"05.03.2026";"*5315";"OK";"-1800,00";"RUB";"-1800,00";"RUB";"";"Переводы";"";"Шохрух Х.";"0,00";"0,00";"-1800,00"
"05.03.2026 15:43:47";"05.03.2026";"*5315";"OK";"-189,00";"RUB";"-189,00";"RUB";"";"Фастфуд";"5814";"Додо Пицца";"1,00";"0,00";"-189,00"
"05.03.2026 15:25:57";"05.03.2026";"*5315";"OK";"-789,70";"RUB";"-789,70";"RUB";"";"Супермаркеты";"5411";"SPAR";"7,00";"0,00";"-789,70"
"05.03.2026 14:04:10";"05.03.2026";"*5315";"OK";"-46,00";"RUB";"-46,00";"RUB";"";"Местный транспорт";"4131";"Транспортная карта";"0,00";"0,00";"-46,00"
"05.03.2026 11:16:35";"05.03.2026";"*5315";"OK";"-90,00";"RUB";"-90,00";"RUB";"";"Фастфуд";"5814";"Sofra Kebab";"0,00";"0,00";"-90,00"
"05.03.2026 11:15:35";"05.03.2026";"*5315";"OK";"-435,00";"RUB";"-435,00";"RUB";"";"Фастфуд";"5814";"Sofra Kebab";"4,00";"0,00";"-435,00"
"05.03.2026 10:17:13";"05.03.2026";"*5315";"OK";"-46,00";"RUB";"-46,00";"RUB";"";"Местный транспорт";"4131";"Транспортная карта";"0,00";"0,00";"-46,00"
"05.03.2026 10:17:03";"05.03.2026";"*5315";"OK";"-221,00";"RUB";"-221,00";"RUB";"";"Такси";"3990";"Яндекс Такси";"2,00";"0,00";"-221,00"
"04.03.2026 13:19:37";"04.03.2026";"*5315";"OK";"-499,98";"RUB";"-499,98";"RUB";"";"Супермаркеты";"5411";"Магнит";"4,00";"0,00";"-499,98"
"03.03.2026 13:00:10";"03.03.2026";"*5315";"OK";"-461,00";"RUB";"-461,00";"RUB";"";"Фастфуд";"5814";"Вкусно — и точка";"4,00";"0,00";"-461,00"
"03.03.2026 10:43:20";"03.03.2026";"*5315";"OK";"-46,00";"RUB";"-46,00";"RUB";"";"Местный транспорт";"4131";"Транспортная карта";"0,00";"0,00";"-46,00"
"02.03.2026 14:14:41";"02.03.2026";"*5315";"OK";"-311,05";"RUB";"-311,05";"RUB";"";"Супермаркеты";"5411";"Пятёрочка";"3,00";"0,00";"-311,05"
"02.03.2026 13:34:19";"02.03.2026";"*5315";"OK";"-46,00";"RUB";"-46,00";"RUB";"";"Местный транспорт";"4131";"Транспортная карта";"0,00";"0,00";"-46,00"
"02.03.2026 11:53:45";"02.03.2026";"*5315";"OK";"-260,97";"RUB";"-260,97";"RUB";"";"Фастфуд";"5814";"Бургер Кинг";"2,00";"0,00";"-260,97"
"02.03.2026 11:23:23";"02.03.2026";"*5315";"OK";"-46,00";"RUB";"-46,00";"RUB";"";"Местный транспорт";"4131";"Транспортная карта";"0,00";"0,00";"-46,00"
"27.02.2026 18:42:15";"27.02.2026";"*5315";"OK";"-46,00";"RUB";"-46,00";"RUB";"";"Местный транспорт";"4131";"Транспортная карта";"0,00";"0,00";"-46,00"
"27.02.2026 15:40:29";"28.02.2026";"*5315";"OK";"-50,00";"RUB";"-50,00";"RUB";"";"Фастфуд";"5814";"1804 University & Coffee";"0,00";"0,00";"-50,00"
"27.02.2026 15:39:43";"28.02.2026";"*5315";"OK";"-260,00";"RUB";"-260,00";"RUB";"";"Фастфуд";"5814";"1804 University & Coffee";"2,00";"0,00";"-260,00"
"27.02.2026 11:54:12";"27.02.2026";"*5315";"OK";"-162,00";"RUB";"-162,00";"RUB";"";"Фастфуд";"5814";"St";"1,00";"0,00";"-162,00"
"27.02.2026 09:21:14";"27.02.2026";"*5315";"OK";"-46,00";"RUB";"-46,00";"RUB";"";"Местный транспорт";"4131";"Транспортная карта";"0,00";"0,00";"-46,00"
"26.02.2026 15:14:04";"26.02.2026";"*5315";"OK";"-384,42";"RUB";"-384,42";"RUB";"";"Супермаркеты";"5921";"Vobla Beer";"3,00";"0,00";"-384,42"
"26.02.2026 14:32:15";"26.02.2026";"*5315";"OK";"-46,00";"RUB";"-46,00";"RUB";"";"Местный транспорт";"4131";"Транспортная карта";"0,00";"0,00";"-46,00"
"25.02.2026 19:40:13";"25.02.2026";"*5315";"OK";"-145,00";"RUB";"-145,00";"RUB";"";"Аптеки";"5912";"Бережная аптека";"1,00";"0,00";"-145,00"
"25.02.2026 18:32:29";"25.02.2026";"*5315";"OK";"-1500,00";"RUB";"-1500,00";"RUB";"";"Подарки и творчество";"5947";"Polka Chudes Svita Hol";"30,00";"0,00";"-1500,00"
"25.02.2026 17:08:40";"25.02.2026";"*5315";"OK";"-654,00";"RUB";"-654,00";"RUB";"";"Фастфуд";"5814";"Вкусно — и точка";"6,00";"0,00";"-654,00"
"25.02.2026 11:32:13";"25.02.2026";"*5315";"OK";"-363,00";"RUB";"-363,00";"RUB";"";"Такси";"3990";"Яндекс Такси";"3,00";"0,00";"-363,00"
"25.02.2026 10:38:36";"25.02.2026";"*5315";"OK";"-1,00";"RUB";"-1,00";"RUB";"";"Фастфуд";"5814";"Додо Пицца";"0,00";"0,00";"-1,00"
"25.02.2026 09:32:49";"25.02.2026";"*5315";"OK";"-41,99";"RUB";"-41,99";"RUB";"";"Супермаркеты";"5411";"Магнит";"0,00";"0,00";"-41,99"
"24.02.2026 16:15:39";"24.02.2026";"*5315";"OK";"-289,98";"RUB";"-289,98";"RUB";"";"Супермаркеты";"5411";"Магнит";"2,00";"0,00";"-289,98"
"24.02.2026 15:36:23";"24.02.2026";"*5315";"OK";"-46,00";"RUB";"-46,00";"RUB";"";"Местный транспорт";"4131";"Транспортная карта";"0,00";"0,00";"-46,00"
"24.02.2026 14:45:37";"25.02.2026";"*5315";"OK";"-4242,00";"RUB";"-4242,00";"RUB";"";"Финансы";"6538";"Операция в других кредитных организациях OZON BANK MOSKVA RUS";"0,00";"0,00";"-4242,00"
"24.02.2026 13:11:20";"24.02.2026";"*5315";"OK";"-46,00";"RUB";"-46,00";"RUB";"";"Местный транспорт";"4131";"Транспортная карта";"0,00";"0,00";"-46,00"
"24.02.2026 11:31:54";"24.02.2026";"*5315";"OK";"-409,00";"RUB";"-409,00";"RUB";"";"Фастфуд";"5814";"Додо Пицца";"4,00";"0,00";"-409,00"
"24.02.2026 10:59:30";"24.02.2026";"*5315";"OK";"-113,30";"RUB";"-113,30";"RUB";"";"Цифровые товары";"5816";"Playerok";"2,00";"0,00";"-113,30"
"24.02.2026 10:57:54";"24.02.2026";"*5315";"OK";"-206,00";"RUB";"-206,00";"RUB";"";"Цифровые товары";"5816";"Playerok";"4,00";"0,00";"-206,00"
"24.02.2026 10:54:12";"24.02.2026";"*5315";"OK";"-504,70";"RUB";"-504,70";"RUB";"";"Цифровые товары";"5816";"Playerok";"10,00";"0,00";"-504,70"
"23.02.2026 14:49:22";"25.02.2026";"*5315";"OK";"-399,00";"RUB";"-399,00";"RUB";"";"Сервис";"5968";"Газпром Бонус";"3,00";"0,00";"-399,00"
"22.02.2026 17:12:51";"22.02.2026";"*5315";"OK";"-350,20";"RUB";"-350,20";"RUB";"";"Цифровые товары";"5816";"Playerok";"7,00";"0,00";"-350,20"
"20.02.2026 12:44:06";"20.02.2026";"*5315";"OK";"-857,00";"RUB";"-857,00";"RUB";"";"Фастфуд";"5814";"Додо Пицца";"8,00";"0,00";"-857,00"
"20.02.2026 11:38:17";"20.02.2026";"*5315";"OK";"-46,00";"RUB";"-46,00";"RUB";"";"Местный транспорт";"4131";"Транспортная карта";"0,00";"0,00";"-46,00"
"19.02.2026 16:21:18";"19.02.2026";"*5315";"OK";"-319,97";"RUB";"-319,97";"RUB";"";"Супермаркеты";"5411";"Пятёрочка";"3,00";"0,00";"-319,97"
"19.02.2026 15:46:19";"19.02.2026";"*5315";"OK";"-46,00";"RUB";"-46,00";"RUB";"";"Местный транспорт";"4131";"Транспортная карта";"0,00";"0,00";"-46,00"
"19.02.2026 11:28:47";"20.02.2026";"*5315";"OK";"-180,00";"RUB";"-180,00";"RUB";"";"Супермаркеты";"5499";"Pe Arakelyan Armik Ara";"1,00";"0,00";"-180,00"
"19.02.2026 11:12:13";"19.02.2026";"*5315";"OK";"-46,00";"RUB";"-46,00";"RUB";"";"Местный транспорт";"4131";"Транспортная карта";"0,00";"0,00";"-46,00"
"19.02.2026 11:03:47";"19.02.2026";"*5315";"OK";"-1000,00";"RUB";"-1000,00";"RUB";"";"Мобильная связь";"";"МТС +7 917 923-99-01";"0,00";"0,00";"-1000,00"
"19.02.2026 10:23:11";"19.02.2026";"*5315";"OK";"-184,00";"RUB";"-184,00";"RUB";"";"Такси";"3990";"Яндекс Такси";"1,00";"0,00";"-184,00"
"18.02.2026 15:58:31";"18.02.2026";"*5315";"OK";"-504,00";"RUB";"-504,00";"RUB";"";"Такси";"3990";"Яндекс Такси";"5,00";"0,00";"-504,00"
"18.02.2026 15:36:05";"18.02.2026";"*5315";"OK";"-1200,00";"RUB";"-1200,00";"RUB";"";"Переводы";"";"Алина Х.";"0,00";"0,00";"-1200,00"
"18.02.2026 14:22:48";"18.02.2026";"*5315";"OK";"-46,00";"RUB";"-46,00";"RUB";"";"Местный транспорт";"4111";"МУП Метроэлектротранс";"0,00";"0,00";"-46,00"
"18.02.2026 13:37:55";"18.02.2026";"*5315";"OK";"-409,00";"RUB";"-409,00";"RUB";"";"Фастфуд";"5814";"Додо Пицца";"4,00";"0,00";"-409,00"
"18.02.2026 13:36:38";"18.02.2026";"*5315";"OK";"-409,00";"RUB";"-409,00";"RUB";"";"Фастфуд";"5814";"Додо Пицца";"4,00";"0,00";"-409,00"
"18.02.2026 09:50:36";"18.02.2026";"*5315";"OK";"-46,00";"RUB";"-46,00";"RUB";"";"Местный транспорт";"4111";"МУП Метроэлектротранс";"0,00";"0,00";"-46,00"
"18.02.2026 09:40:12";"18.02.2026";"*5315";"OK";"-46,00";"RUB";"-46,00";"RUB";"";"Местный транспорт";"4131";"Транспортная карта";"0,00";"0,00";"-46,00"
"17.02.2026 18:09:36";"17.02.2026";"*5315";"OK";"-349,97";"RUB";"-349,97";"RUB";"";"Супермаркеты";"5411";"Пятёрочка";"3,00";"0,00";"-349,97"
"17.02.2026 17:51:14";"17.02.2026";"*5315";"OK";"-46,00";"RUB";"-46,00";"RUB";"";"Местный транспорт";"4131";"Транспортная карта";"0,00";"0,00";"-46,00"
"17.02.2026 15:36:14";"18.02.2026";"*5315";"OK";"-260,00";"RUB";"-260,00";"RUB";"";"Фастфуд";"5814";"1804 University & Coffee";"2,00";"0,00";"-260,00"
"17.02.2026 10:10:53";"17.02.2026";"*5315";"OK";"-46,00";"RUB";"-46,00";"RUB";"";"Местный транспорт";"4111";"МУП Метроэлектротранс";"0,00";"0,00";"-46,00"
"17.02.2026 10:09:58";"17.02.2026";"*5315";"OK";"-150,00";"RUB";"-150,00";"RUB";"";"Переводы";"";"Эвелина А.";"0,00";"0,00";"-150,00"
"17.02.2026 08:58:07";"17.02.2026";"*5315";"OK";"-660,00";"RUB";"-660,00";"RUB";"";"Такси";"3990";"Яндекс Такси";"6,00";"0,00";"-660,00"
"16.02.2026 15:42:14";"16.02.2026";"*5315";"OK";"-46,00";"RUB";"-46,00";"RUB";"";"Местный транспорт";"4131";"Транспортная карта";"0,00";"0,00";"-46,00"
"16.02.2026 14:45:11";"16.02.2026";"*5315";"OK";"-255,00";"RUB";"-255,00";"RUB";"";"Цифровые товары";"5818";"Oto*Tribute";"2,00";"0,00";"-255,00"
"16.02.2026 11:35:12";"16.02.2026";"*5315";"OK";"-564,00";"RUB";"-564,00";"RUB";"";"Фастфуд";"5814";"Вкусно — и точка";"5,00";"0,00";"-564,00"
"16.02.2026 10:50:20";"16.02.2026";"*5315";"OK";"-46,00";"RUB";"-46,00";"RUB";"";"Местный транспорт";"4111";"МУП Метроэлектротранс";"0,00";"0,00";"-46,00"
"16.02.2026 09:45:22";"16.02.2026";"*5315";"OK";"-46,00";"RUB";"-46,00";"RUB";"";"Местный транспорт";"4131";"Транспортная карта";"0,00";"0,00";"-46,00"
"14.02.2026 23:10:49";"15.02.2026";"*5315";"OK";"-611,00";"RUB";"-611,00";"RUB";"";"Такси";"3990";"Яндекс Такси";"6,00";"0,00";"-611,00"
"14.02.2026 19:28:12";"14.02.2026";"*5315";"OK";"-1100,00";"RUB";"-1100,00";"RUB";"";"Развлечения";"7999";"Antikafe Baklazhan";"11,00";"0,00";"-1100,00"
"14.02.2026 18:53:07";"14.02.2026";"*5315";"OK";"-46,00";"RUB";"-46,00";"RUB";"";"Местный транспорт";"4131";"Транспортная карта";"0,00";"0,00";"-46,00"
"14.02.2026 17:53:33";"14.02.2026";"*5315";"OK";"-920,00";"RUB";"-920,00";"RUB";"";"Фастфуд";"5814";"Додо Пицца";"9,00";"0,00";"-920,00"
"13.02.2026 18:51:22";"13.02.2026";"*5315";"OK";"-190,00";"RUB";"-190,00";"RUB";"";"Цветы";"5992";"Buket Stolicy";"1,00";"0,00";"-190,00"
"13.02.2026 18:44:17";"13.02.2026";"*5315";"OK";"-46,00";"RUB";"-46,00";"RUB";"";"Местный транспорт";"4131";"Транспортная карта";"0,00";"0,00";"-46,00"
"13.02.2026 17:49:12";"14.02.2026";"*5315";"OK";"-500,00";"RUB";"-500,00";"RUB";"";"Подарки и творчество";"5947";"Polka Chudes Gum";"5,00";"0,00";"-500,00"
"13.02.2026 15:36:51";"14.02.2026";"*5315";"OK";"-260,00";"RUB";"-260,00";"RUB";"";"Фастфуд";"5814";"1804 University & Coffee";"2,00";"0,00";"-260,00"
"13.02.2026 11:47:48";"13.02.2026";"*5315";"OK";"-399,00";"RUB";"-399,00";"RUB";"";"Фастфуд";"5814";"Додо Пицца";"3,00";"0,00";"-399,00"
"13.02.2026 09:31:14";"13.02.2026";"*5315";"OK";"-46,00";"RUB";"-46,00";"RUB";"";"Местный транспорт";"4131";"Транспортная карта";"0,00";"0,00";"-46,00"
"12.02.2026 18:04:17";"12.02.2026";"*5315";"OK";"-46,00";"RUB";"-46,00";"RUB";"";"Местный транспорт";"4131";"Транспортная карта";"0,00";"0,00";"-46,00"
"12.02.2026 15:21:04";"12.02.2026";"*5315";"OK";"-399,00";"RUB";"-399,00";"RUB";"";"Фастфуд";"5814";"Додо Пицца";"3,00";"0,00";"-399,00"
"12.02.2026 11:29:09";"12.02.2026";"*5315";"OK";"-46,00";"RUB";"-46,00";"RUB";"";"Местный транспорт";"4131";"Транспортная карта";"0,00";"0,00";"-46,00"
"12.02.2026 10:11:41";"12.02.2026";"*5315";"OK";"-181,00";"RUB";"-181,00";"RUB";"";"Такси";"3990";"Яндекс Такси";"1,00";"0,00";"-181,00"
"12.02.2026 10:04:11";"12.02.2026";"*5315";"OK";"-46,00";"RUB";"-46,00";"RUB";"";"Местный транспорт";"4131";"Транспортная карта";"0,00";"0,00";"-46,00"
"11.02.2026 23:33:10";"12.02.2026";"*5315";"OK";"-20,00";"RUB";"-20,00";"RUB";"";"Супермаркеты";"5499";"Водомат";"0,00";"0,00";"-20,00"
"11.02.2026 14:35:22";"11.02.2026";"*5315";"OK";"-299,00";"RUB";"-299,00";"RUB";"";"Аптеки";"5912";"Бережная аптека";"2,00";"0,00";"-299,00"
"11.02.2026 13:50:15";"11.02.2026";"*5315";"OK";"-46,00";"RUB";"-46,00";"RUB";"";"Местный транспорт";"4131";"Транспортная карта";"0,00";"0,00";"-46,00"
"11.02.2026 13:45:23";"11.02.2026";"*5315";"OK";"-355,97";"RUB";"-355,97";"RUB";"";"Супермаркеты";"5411";"Магнит";"3,00";"0,00";"-355,97"
"11.02.2026 10:19:19";"11.02.2026";"*5315";"OK";"-46,00";"RUB";"-46,00";"RUB";"";"Местный транспорт";"4131";"Транспортная карта";"0,00";"0,00";"-46,00"
"10.02.2026 19:14:22";"10.02.2026";"*5315";"OK";"-304,00";"RUB";"-304,00";"RUB";"";"Такси";"3990";"Яндекс Такси";"3,00";"0,00";"-304,00"
"10.02.2026 18:48:32";"10.02.2026";"*5315";"OK";"-1700,00";"RUB";"-1700,00";"RUB";"";"Переводы";"";"Алина Х.";"0,00";"0,00";"-1700,00"
"10.02.2026 17:43:59";"10.02.2026";"*5315";"OK";"-46,00";"RUB";"-46,00";"RUB";"";"Местный транспорт";"4111";"МУП Метроэлектротранс";"0,00";"0,00";"-46,00"
"10.02.2026 17:35:36";"10.02.2026";"*5315";"OK";"-99,99";"RUB";"-99,99";"RUB";"";"Супермаркеты";"5411";"Магнит";"0,00";"0,00";"-99,99"
"10.02.2026 11:48:01";"10.02.2026";"*5315";"OK";"-371,96";"RUB";"-371,96";"RUB";"";"Супермаркеты";"5411";"Магнит";"3,00";"0,00";"-371,96"
"10.02.2026 08:55:20";"10.02.2026";"*5315";"OK";"-46,00";"RUB";"-46,00";"RUB";"";"Местный транспорт";"4131";"Транспортная карта";"0,00";"0,00";"-46,00"
"09.02.2026 21:12:05";"09.02.2026";"*5315";"OK";"-46,00";"RUB";"-46,00";"RUB";"";"Местный транспорт";"4131";"Транспортная карта";"0,00";"0,00";"-46,00"
"09.02.2026 15:26:19";"09.02.2026";"*5315";"OK";"-100,00";"RUB";"-100,00";"RUB";"";"Цифровые товары";"5816";"ONLIPAY";"0,00";"0,00";"-100,00"
"09.02.2026 15:15:58";"09.02.2026";"*5315";"OK";"-427,00";"RUB";"-427,00";"RUB";"";"Фастфуд";"5814";"Вкусно — и точка";"4,00";"0,00";"-427,00"
"09.02.2026 11:49:43";"09.02.2026";"*5315";"OK";"-489,96";"RUB";"-489,96";"RUB";"";"Супермаркеты";"5411";"Магнит";"4,00";"0,00";"-489,96"
"09.02.2026 11:27:14";"09.02.2026";"*5315";"OK";"-46,00";"RUB";"-46,00";"RUB";"";"Местный транспорт";"4131";"Транспортная карта";"0,00";"0,00";"-46,00"
"09.02.2026 10:44:16";"09.02.2026";"*5315";"OK";"-46,00";"RUB";"-46,00";"RUB";"";"Местный транспорт";"4131";"Транспортная карта";"0,00";"0,00";"-46,00"
"09.02.2026 10:37:17";"09.02.2026";"*5315";"OK";"-46,00";"RUB";"-46,00";"RUB";"";"Местный транспорт";"4131";"Транспортная карта";"0,00";"0,00";"-46,00"
"09.02.2026 10:10:11";"09.02.2026";"*5315";"OK";"-46,00";"RUB";"-46,00";"RUB";"";"Местный транспорт";"4131";"Транспортная карта";"0,00";"0,00";"-46,00"
"06.02.2026 19:02:45";"06.02.2026";"*5315";"OK";"-388,00";"RUB";"-388,00";"RUB";"";"Такси";"3990";"Яндекс Такси";"3,00";"0,00";"-388,00"
"06.02.2026 18:19:12";"06.02.2026";"*5315";"OK";"-7100,00";"RUB";"-7100,00";"RUB";"";"Переводы";"";"Алина Х.";"0,00";"0,00";"-7100,00"
"06.02.2026 17:14:10";"06.02.2026";"*5315";"OK";"-569,00";"RUB";"-569,00";"RUB";"";"Такси";"3990";"Яндекс Такси";"5,00";"0,00";"-569,00"
"05.02.2026 16:51:32";"05.02.2026";"*5315";"OK";"-1023,00";"RUB";"-1023,00";"RUB";"";"Фастфуд";"3990";"Яндекс Еда";"10,00";"0,00";"-1023,00"
"04.02.2026 18:28:47";"04.02.2026";"*5315";"OK";"-580,00";"RUB";"-580,00";"RUB";"";"Переводы";"";"Галина К.";"0,00";"0,00";"-580,00"
"02.02.2026 23:07:20";"03.02.2026";"*5315";"OK";"-20,00";"RUB";"-20,00";"RUB";"";"Супермаркеты";"5499";"Водомат";"0,00";"0,00";"-20,00"
"02.02.2026 23:06:16";"03.02.2026";"*5315";"OK";"-20,00";"RUB";"-20,00";"RUB";"";"Супермаркеты";"5499";"Водомат";"0,00";"0,00";"-20,00"
"02.02.2026 17:38:29";"02.02.2026";"*5315";"OK";"-249,99";"RUB";"-249,99";"RUB";"";"Супермаркеты";"5411";"Магнит";"2,00";"0,00";"-249,99"
"01.02.2026 20:43:16";"01.02.2026";"*5315";"OK";"-1206,00";"RUB";"-1206,00";"RUB";"";"Фастфуд";"5814";"Додо Пицца";"12,00";"0,00";"-1206,00"
"31.01.2026 19:54:17";"31.01.2026";"*5315";"OK";"-20,00";"RUB";"-20,00";"RUB";"";"Супермаркеты";"5499";"Водомат";"0,00";"0,00";"-20,00"
"31.01.2026 19:53:21";"31.01.2026";"*5315";"OK";"-20,00";"RUB";"-20,00";"RUB";"";"Супермаркеты";"5499";"Водомат";"0,00";"0,00";"-20,00"
"31.01.2026 10:16:21";"31.01.2026";"*5315";"OK";"-1025,00";"RUB";"-1025,00";"RUB";"";"Фастфуд";"5814";"Столовая";"10,00";"0,00";"-1025,00"
"30.01.2026 16:42:51";"30.01.2026";"*5315";"OK";"-1370,00";"RUB";"-1370,00";"RUB";"";"Рестораны";"5812";"Гриль-бар Alaska";"137,00";"0,00";"-1370,00"
"30.01.2026 16:37:30";"30.01.2026";"*5315";"OK";"-540,00";"RUB";"-540,00";"RUB";"";"Рестораны";"5812";"Гриль-бар Alaska";"54,00";"0,00";"-540,00"
"30.01.2026 14:42:32";"31.01.2026";"*5315";"OK";"-200,00";"RUB";"-200,00";"RUB";"";"Рестораны";"5812";"Роза Хутор";"20,00";"0,00";"-200,00"
"28.01.2026 18:12:41";"28.01.2026";"*5315";"OK";"-380,00";"RUB";"-380,00";"RUB";"";"Фастфуд";"5814";"Вкусно — и точка";"38,00";"0,00";"-380,00"
"27.01.2026 18:10:09";"27.01.2026";"*5315";"OK";"-416,00";"RUB";"-416,00";"RUB";"";"Такси";"3990";"Яндекс Такси";"8,00";"0,00";"-416,00"
"26.01.2026 02:45:32";"26.01.2026";"*5315";"OK";"-824,00";"RUB";"-824,00";"RUB";"";"Сервис";"4816";"Робокасса";"0,00";"0,00";"-824,00"
"24.01.2026 20:11:32";"24.01.2026";"*5315";"OK";"-391,00";"RUB";"-391,00";"RUB";"";"Такси";"3990";"Яндекс Такси";"7,00";"0,00";"-391,00"
"24.01.2026 18:03:50";"24.01.2026";"*5315";"OK";"-876,00";"RUB";"-876,00";"RUB";"";"Фастфуд";"5814";"Rostic's";"17,00";"0,00";"-876,00"
"24.01.2026 14:11:18";"24.01.2026";"*5315";"OK";"-89,99";"RUB";"-89,99";"RUB";"";"Супермаркеты";"5411";"Лента";"0,00";"0,00";"-89,99"
"24.01.2026 13:55:24";"24.01.2026";"*5315";"OK";"-457,00";"RUB";"-457,00";"RUB";"";"Такси";"3990";"Яндекс Такси";"9,00";"0,00";"-457,00"
"24.01.2026 12:14:05";"24.01.2026";"*5315";"OK";"-800,00";"RUB";"-800,00";"RUB";"";"Мобильная связь";"";"МТС +7 917 923-99-01";"0,00";"0,00";"-800,00"
"23.01.2026 21:06:43";"23.01.2026";"*5315";"OK";"-800,00";"RUB";"-800,00";"RUB";"";"Переводы";"";"Анастасия А.";"0,00";"0,00";"-800,00"
"23.01.2026 17:25:59";"23.01.2026";"*5315";"OK";"-852,00";"RUB";"-852,00";"RUB";"";"Фастфуд";"5814";"Франклинc Бургер";"8,00";"0,00";"-852,00"
"23.01.2026 15:35:58";"23.01.2026";"*5315";"OK";"-321,00";"RUB";"-321,00";"RUB";"";"Такси";"3990";"Яндекс Такси";"6,00";"0,00";"-321,00"
"23.01.2026 10:39:53";"24.01.2026";"*5315";"OK";"-399,00";"RUB";"-399,00";"RUB";"";"Сервис";"5968";"Газпром Бонус";"3,00";"0,00";"-399,00"
"22.01.2026 18:10:54";"22.01.2026";"*5315";"OK";"-269,00";"RUB";"-269,00";"RUB";"";"Фастфуд";"5814";"Додо Пицца";"2,00";"0,00";"-269,00"
"22.01.2026 18:07:23";"22.01.2026";"*5315";"OK";"-754,95";"RUB";"-754,95";"RUB";"";"Супермаркеты";"5411";"Магнит";"7,00";"0,00";"-754,95"
"22.01.2026 17:36:21";"22.01.2026";"*5315";"OK";"-379,00";"RUB";"-379,00";"RUB";"";"Фастфуд";"5814";"Додо Пицца";"3,00";"0,00";"-379,00"
"22.01.2026 17:30:11";"22.01.2026";"*5315";"OK";"-46,00";"RUB";"-46,00";"RUB";"";"Местный транспорт";"4131";"Транспортная карта";"0,00";"0,00";"-46,00"
"22.01.2026 16:58:08";"23.01.2026";"*5315";"OK";"-230,00";"RUB";"-230,00";"RUB";"";"Фастфуд";"5814";"1804 University & Coffee";"2,00";"0,00";"-230,00"
"22.01.2026 11:45:17";"22.01.2026";"*5315";"OK";"-279,00";"RUB";"-279,00";"RUB";"";"Такси";"3990";"Яндекс Такси";"5,00";"0,00";"-279,00"
"21.01.2026 18:11:49";"21.01.2026";"*5315";"OK";"-4000,00";"RUB";"-4000,00";"RUB";"";"Переводы";"";"Арина К.";"0,00";"0,00";"-4000,00"
"20.01.2026 20:08:27";"20.01.2026";"*5315";"OK";"-3000,00";"RUB";"-3000,00";"RUB";"";"Переводы";"";"Арина К.";"0,00";"0,00";"-3000,00"
"20.01.2026 19:42:36";"20.01.2026";"*5315";"OK";"-599,00";"RUB";"-599,00";"RUB";"";"Цифровые товары";"5816";"GGsel.net";"0,00";"0,00";"-599,00"
"18.01.2026 23:41:02";"19.01.2026";"*5315";"OK";"-3000,00";"RUB";"-3000,00";"RUB";"";"Переводы";"";"Арина К.";"0,00";"0,00";"-3000,00"
"18.01.2026 23:23:27";"19.01.2026";"*5315";"OK";"-20,00";"RUB";"-20,00";"RUB";"";"Супермаркеты";"5499";"Водомат";"0,00";"0,00";"-20,00"
"18.01.2026 23:22:22";"19.01.2026";"*5315";"OK";"-20,00";"RUB";"-20,00";"RUB";"";"Супермаркеты";"5499";"Водомат";"0,00";"0,00";"-20,00"
"18.01.2026 22:49:52";"19.01.2026";"*5315";"OK";"-1029,00";"RUB";"-1029,00";"RUB";"";"Фастфуд";"5814";"Rostic's";"20,00";"0,00";"-1029,00"
"17.01.2026 21:27:22";"17.01.2026";"*5315";"OK";"-3000,00";"RUB";"-3000,00";"RUB";"";"Переводы";"";"Арина К.";"0,00";"0,00";"-3000,00"
"16.01.2026 20:03:12";"16.01.2026";"*5315";"OK";"-824,00";"RUB";"-824,00";"RUB";"";"Фастфуд";"5814";"Додо Пицца";"8,00";"0,00";"-824,00"
"16.01.2026 20:00:33";"16.01.2026";"*5315";"OK";"-928,00";"RUB";"-928,00";"RUB";"";"Фастфуд";"5814";"Додо Пицца";"9,00";"0,00";"-928,00"
"16.01.2026 14:40:42";"16.01.2026";"*5315";"OK";"-255,00";"RUB";"-255,00";"RUB";"";"Цифровые товары";"5818";"Oto*Tribute";"2,00";"0,00";"-255,00"
"16.01.2026 13:36:18";"16.01.2026";"*5315";"OK";"-424,96";"RUB";"-424,96";"RUB";"";"Супермаркеты";"5411";"Пятёрочка";"4,00";"0,00";"-424,96"
"16.01.2026 12:53:09";"16.01.2026";"*5315";"OK";"-46,00";"RUB";"-46,00";"RUB";"";"Местный транспорт";"4131";"Транспортная карта";"0,00";"0,00";"-46,00"
"16.01.2026 11:59:31";"16.01.2026";"*5315";"OK";"-300,00";"RUB";"-300,00";"RUB";"";"Цифровые товары";"5816";"ONLIPAY";"0,00";"0,00";"-300,00"
"15.01.2026 17:24:27";"15.01.2026";"*5315";"OK";"-654,95";"RUB";"-654,95";"RUB";"";"Супермаркеты";"5411";"Пятёрочка";"6,00";"0,00";"-654,95"
"15.01.2026 16:41:11";"15.01.2026";"*5315";"OK";"-46,00";"RUB";"-46,00";"RUB";"";"Местный транспорт";"4131";"Транспортная карта";"0,00";"0,00";"-46,00"
"13.01.2026 18:18:50";"13.01.2026";"*5315";"OK";"-379,00";"RUB";"-379,00";"RUB";"";"Фастфуд";"5814";"Додо Пицца";"3,00";"0,00";"-379,00"
"13.01.2026 18:13:16";"13.01.2026";"*5315";"OK";"-46,00";"RUB";"-46,00";"RUB";"";"Местный транспорт";"4131";"Транспортная карта";"0,00";"0,00";"-46,00"
"13.01.2026 16:54:08";"13.01.2026";"*5315";"OK";"-80,00";"RUB";"-80,00";"RUB";"";"Фастфуд";"5814";"1804 University & Coffee";"1,00";"0,00";"-80,00"
"13.01.2026 16:53:34";"13.01.2026";"*5315";"OK";"-230,00";"RUB";"-230,00";"RUB";"";"Фастфуд";"5814";"1804 University & Coffee";"4,00";"0,00";"-230,00"
"11.01.2026 17:57:46";"11.01.2026";"*5315";"OK";"-300,00";"RUB";"-300,00";"RUB";"";"Цифровые товары";"5816";"VPN";"0,00";"0,00";"-300,00"
"11.01.2026 16:03:52";"11.01.2026";"*5315";"OK";"-3000,00";"RUB";"-3000,00";"RUB";"";"Переводы";"";"Арина К.";"0,00";"0,00";"-3000,00"
"10.01.2026 14:46:54";"10.01.2026";"*5315";"OK";"-3000,00";"RUB";"-3000,00";"RUB";"";"Переводы";"";"Арина К.";"0,00";"0,00";"-3000,00"
"08.01.2026 21:46:04";"09.01.2026";"*5315";"OK";"-701,00";"RUB";"-701,00";"RUB";"";"Такси";"3990";"Яндекс Такси";"14,00";"0,00";"-701,00"
"08.01.2026 19:05:48";"08.01.2026";"*5315";"OK";"-3116,00";"RUB";"-3116,00";"RUB";"";"Фастфуд";"5814";"Додо Пицца";"31,00";"0,00";"-3116,00"
"08.01.2026 18:26:55";"08.01.2026";"*5315";"OK";"-239,00";"RUB";"-239,00";"RUB";"";"Такси";"3990";"Яндекс Такси";"4,00";"0,00";"-239,00"
"08.01.2026 15:45:12";"08.01.2026";"*5315";"OK";"-46,00";"RUB";"-46,00";"RUB";"";"Местный транспорт";"4131";"Транспортная карта";"0,00";"0,00";"-46,00"
"07.01.2026 22:56:32";"08.01.2026";"*5315";"OK";"-260,00";"RUB";"-260,00";"RUB";"";"Переводы";"";"Никита Б.";"0,00";"0,00";"-260,00"
"07.01.2026 20:50:04";"07.01.2026";"*5315";"OK";"-46,00";"RUB";"-46,00";"RUB";"";"Местный транспорт";"4131";"Транспортная карта";"0,00";"0,00";"-46,00"
"07.01.2026 20:02:07";"07.01.2026";"*5315";"OK";"-2000,00";"RUB";"-2000,00";"RUB";"";"Переводы";"";"Арина К.";"0,00";"0,00";"-2000,00"
"07.01.2026 15:10:35";"07.01.2026";"*5315";"OK";"-1637,00";"RUB";"-1637,00";"RUB";"";"Фастфуд";"5814";"Додо Пицца";"16,00";"0,00";"-1637,00"
"06.01.2026 21:36:43";"06.01.2026";"*5315";"OK";"-371,97";"RUB";"-371,97";"RUB";"";"Супермаркеты";"5411";"Пятёрочка";"3,00";"0,00";"-371,97"
"06.01.2026 21:30:46";"06.01.2026";"*5315";"OK";"-250,00";"RUB";"-250,00";"RUB";"";"Супермаркеты";"5921";"Vobla Beer";"2,00";"0,00";"-250,00"
"06.01.2026 21:25:15";"06.01.2026";"*5315";"OK";"-972,94";"RUB";"-972,94";"RUB";"";"Супермаркеты";"5411";"Магнит";"9,00";"0,00";"-972,94"
"03.01.2026 14:08:42";"03.01.2026";"*5315";"OK";"-662,96";"RUB";"-662,96";"RUB";"";"Супермаркеты";"5411";"Магнит";"6,00";"0,00";"-662,96"
"01.01.2026 15:25:13";"01.01.2026";"*5315";"OK";"-12000,00";"RUB";"-12000,00";"RUB";"";"Переводы";"";"Карим С.";"0,00";"0,00";"-12000,00"
